-- phpMyAdmin SQL Dump
-- version 5.2.1
-- https://www.phpmyadmin.net/
--
-- Host: localhost:3306
-- Generation Time: Mar 25, 2024 at 07:37 AM
-- Server version: 8.0.30
-- PHP Version: 8.1.10

SET SQL_MODE = "NO_AUTO_VALUE_ON_ZERO";
START TRANSACTION;
SET time_zone = "+00:00";


/*!40101 SET @OLD_CHARACTER_SET_CLIENT=@@CHARACTER_SET_CLIENT */;
/*!40101 SET @OLD_CHARACTER_SET_RESULTS=@@CHARACTER_SET_RESULTS */;
/*!40101 SET @OLD_COLLATION_CONNECTION=@@COLLATION_CONNECTION */;
/*!40101 SET NAMES utf8mb4 */;

--
-- Database: `e-ticketing`
--

-- --------------------------------------------------------

--
-- Table structure for table `jadwal_penerbangan`
--

CREATE TABLE `jadwal_penerbangan` (
  `id_jadwal` int NOT NULL,
  `id_rute` int NOT NULL,
  `waktu_berangkat` time NOT NULL,
  `waktu_tiba` time NOT NULL,
  `harga` int NOT NULL,
  `kapasitas_kursi` int NOT NULL
) ENGINE=InnoDB DEFAULT CHARSET=utf8mb4 COLLATE=utf8mb4_0900_ai_ci;

--
-- Dumping data for table `jadwal_penerbangan`
--

INSERT INTO `jadwal_penerbangan` (`id_jadwal`, `id_rute`, `waktu_berangkat`, `waktu_tiba`, `harga`, `kapasitas_kursi`) VALUES
(1, 1, '13:00:00', '14:00:00', 1000000, 50),
(2, 2, '15:00:00', '16:00:00', 950000, 48),
(4, 8, '13:00:00', '13:30:00', 900000, 42),
(5, 7, '18:00:00', '19:00:00', 1200000, 32),
(6, 1, '11:00:00', '12:00:00', 50000000, 5);

-- --------------------------------------------------------

--
-- Table structure for table `kota`
--

CREATE TABLE `kota` (
  `id_kota` int NOT NULL,
  `nama_kota` varchar(255) NOT NULL
) ENGINE=InnoDB DEFAULT CHARSET=utf8mb4 COLLATE=utf8mb4_0900_ai_ci;

--
-- Dumping data for table `kota`
--

INSERT INTO `kota` (`id_kota`, `nama_kota`) VALUES
(2, 'Bali'),
(3, 'Surabaya'),
(4, 'Yogyakarta'),
(5, 'Bengkulu'),
(6, 'Lombok'),
(7, 'Aceh'),
(8, 'Banten'),
(10, 'Medan'),
(14, 'Banjarmasin');

-- --------------------------------------------------------

--
-- Table structure for table `maskapai`
--

CREATE TABLE `maskapai` (
  `id_maskapai` int NOT NULL,
  `logo_maskapai` text,
  `nama_maskapai` varchar(50) NOT NULL,
  `kapasitas` int NOT NULL
) ENGINE=InnoDB DEFAULT CHARSET=utf8mb4 COLLATE=utf8mb4_0900_ai_ci;

--
-- Dumping data for table `maskapai`
--

INSERT INTO `maskapai` (`id_maskapai`, `logo_maskapai`, `nama_maskapai`, `kapasitas`) VALUES
(1, 'logo-garuda.jpg', 'Garuda Indonesia', 24),
(2, 'air-asia.png', 'Air Asia', 200),
(3, 'lion-air.png', 'Lion Air', 150);

-- --------------------------------------------------------

--
-- Table structure for table `order_detail`
--

CREATE TABLE `order_detail` (
  `id_order_detail` int NOT NULL,
  `id_user` int NOT NULL,
  `id_penerbangan` int NOT NULL,
  `id_order` varchar(20) NOT NULL,
  `jumlah_tiket` int NOT NULL,
  `total_harga` int NOT NULL
) ENGINE=InnoDB DEFAULT CHARSET=utf8mb4 COLLATE=utf8mb4_0900_ai_ci;

--
-- Dumping data for table `order_detail`
--

INSERT INTO `order_detail` (`id_order_detail`, `id_user`, `id_penerbangan`, `id_order`, `jumlah_tiket`, `total_harga`) VALUES
(16, 3, 2, '65e021e7b9564', 10, 10000000),
(17, 3, 2, '65e021e7b9564', 5, 4750000),
(24, 3, 2, '65fd08275d896', 2, 1900000),
(25, 3, 6, '65fd08275d896', 2, 100000000);

-- --------------------------------------------------------

--
-- Table structure for table `order_tiket`
--

CREATE TABLE `order_tiket` (
  `id_order` varchar(20) NOT NULL,
  `tanggal_transaksi` date NOT NULL,
  `struk` varchar(100) NOT NULL,
  `status` enum('proses','berhasil','gagal') NOT NULL
) ENGINE=InnoDB DEFAULT CHARSET=utf8mb4 COLLATE=utf8mb4_0900_ai_ci;

--
-- Dumping data for table `order_tiket`
--

INSERT INTO `order_tiket` (`id_order`, `tanggal_transaksi`, `struk`, `status`) VALUES
('65e021e7b9564', '2024-02-29', 'd0424da6f155c99ea982', 'berhasil'),
('65fd08275d896', '2024-03-22', 'e72a3dc5c7ec578c461e', 'proses');

-- --------------------------------------------------------

--
-- Table structure for table `rute`
--

CREATE TABLE `rute` (
  `id_rute` int NOT NULL,
  `id_maskapai` int NOT NULL,
  `rute_asal` varchar(100) NOT NULL,
  `rute_tujuan` varchar(100) NOT NULL,
  `tanggal_pergi` date NOT NULL
) ENGINE=InnoDB DEFAULT CHARSET=utf8mb4 COLLATE=utf8mb4_0900_ai_ci;

--
-- Dumping data for table `rute`
--

INSERT INTO `rute` (`id_rute`, `id_maskapai`, `rute_asal`, `rute_tujuan`, `tanggal_pergi`) VALUES
(1, 1, 'Aceh', 'Bali', '2024-04-10'),
(2, 2, 'Jakarta', 'Bali', '2024-02-25'),
(3, 3, 'Bali', 'Yogyakarta', '2024-02-24'),
(7, 3, 'Jakarta', 'Bali', '2024-02-24'),
(8, 1, 'Surabaya', 'Yogyakarta', '2024-03-28');

-- --------------------------------------------------------

--
-- Table structure for table `user`
--

CREATE TABLE `user` (
  `id_user` int NOT NULL,
  `username` varchar(100) NOT NULL,
  `nama_lengkap` varchar(100) NOT NULL,
  `password` varchar(255) NOT NULL,
  `roles` enum('Admin','Petugas','Penumpang') NOT NULL
) ENGINE=InnoDB DEFAULT CHARSET=utf8mb4 COLLATE=utf8mb4_0900_ai_ci;

--
-- Dumping data for table `user`
--

INSERT INTO `user` (`id_user`, `username`, `nama_lengkap`, `password`, `roles`) VALUES
(1, 'admin', 'Rendi Admin', 'admin', 'Admin'),
(2, 'petugas VVIP', 'Rendi Petugas', 'rendipetugas', 'Petugas'),
(3, 'user', 'Rendi User', 'user', 'Penumpang'),
(6, 'teshhh', 'teshhh', 'teshh', 'Petugas');

--
-- Indexes for dumped tables
--

--
-- Indexes for table `jadwal_penerbangan`
--
ALTER TABLE `jadwal_penerbangan`
  ADD PRIMARY KEY (`id_jadwal`),
  ADD KEY `id_rute` (`id_rute`);

--
-- Indexes for table `kota`
--
ALTER TABLE `kota`
  ADD PRIMARY KEY (`id_kota`);

--
-- Indexes for table `maskapai`
--
ALTER TABLE `maskapai`
  ADD PRIMARY KEY (`id_maskapai`);

--
-- Indexes for table `order_detail`
--
ALTER TABLE `order_detail`
  ADD PRIMARY KEY (`id_order_detail`),
  ADD KEY `id_user` (`id_user`),
  ADD KEY `id_penerbangan` (`id_penerbangan`),
  ADD KEY `id_order` (`id_order`);

--
-- Indexes for table `order_tiket`
--
ALTER TABLE `order_tiket`
  ADD PRIMARY KEY (`id_order`);

--
-- Indexes for table `rute`
--
ALTER TABLE `rute`
  ADD PRIMARY KEY (`id_rute`),
  ADD KEY `id_maskapai` (`id_maskapai`);

--
-- Indexes for table `user`
--
ALTER TABLE `user`
  ADD PRIMARY KEY (`id_user`);

--
-- AUTO_INCREMENT for dumped tables
--

--
-- AUTO_INCREMENT for table `jadwal_penerbangan`
--
ALTER TABLE `jadwal_penerbangan`
  MODIFY `id_jadwal` int NOT NULL AUTO_INCREMENT, AUTO_INCREMENT=7;

--
-- AUTO_INCREMENT for table `kota`
--
ALTER TABLE `kota`
  MODIFY `id_kota` int NOT NULL AUTO_INCREMENT, AUTO_INCREMENT=15;

--
-- AUTO_INCREMENT for table `maskapai`
--
ALTER TABLE `maskapai`
  MODIFY `id_maskapai` int NOT NULL AUTO_INCREMENT, AUTO_INCREMENT=5;

--
-- AUTO_INCREMENT for table `order_detail`
--
ALTER TABLE `order_detail`
  MODIFY `id_order_detail` int NOT NULL AUTO_INCREMENT, AUTO_INCREMENT=26;

--
-- AUTO_INCREMENT for table `rute`
--
ALTER TABLE `rute`
  MODIFY `id_rute` int NOT NULL AUTO_INCREMENT, AUTO_INCREMENT=11;

--
-- AUTO_INCREMENT for table `user`
--
ALTER TABLE `user`
  MODIFY `id_user` int NOT NULL AUTO_INCREMENT, AUTO_INCREMENT=8;

--
-- Constraints for dumped tables
--

--
-- Constraints for table `jadwal_penerbangan`
--
ALTER TABLE `jadwal_penerbangan`
  ADD CONSTRAINT `jadwal_penerbangan_ibfk_1` FOREIGN KEY (`id_rute`) REFERENCES `rute` (`id_rute`) ON DELETE CASCADE ON UPDATE CASCADE;

--
-- Constraints for table `order_detail`
--
ALTER TABLE `order_detail`
  ADD CONSTRAINT `order_detail_ibfk_1` FOREIGN KEY (`id_user`) REFERENCES `user` (`id_user`) ON DELETE CASCADE ON UPDATE CASCADE,
  ADD CONSTRAINT `order_detail_ibfk_2` FOREIGN KEY (`id_penerbangan`) REFERENCES `jadwal_penerbangan` (`id_jadwal`) ON DELETE CASCADE ON UPDATE CASCADE,
  ADD CONSTRAINT `order_detail_ibfk_3` FOREIGN KEY (`id_order`) REFERENCES `order_tiket` (`id_order`) ON DELETE CASCADE ON UPDATE CASCADE;

--
-- Constraints for table `rute`
--
ALTER TABLE `rute`
  ADD CONSTRAINT `rute_ibfk_1` FOREIGN KEY (`id_maskapai`) REFERENCES `maskapai` (`id_maskapai`) ON DELETE CASCADE ON UPDATE CASCADE;
COMMIT;

/*!40101 SET CHARACTER_SET_CLIENT=@OLD_CHARACTER_SET_CLIENT */;
/*!40101 SET CHARACTER_SET_RESULTS=@OLD_CHARACTER_SET_RESULTS */;
/*!40101 SET COLLATION_CONNECTION=@OLD_COLLATION_CONNECTION */;
